question,answer
Tell me about yourself,"I am a passionate professional with [X] years of experience in [your field]. I specialize in [specific skills] and have worked on [notable projects/achievements]. I'm particularly interested in [relevant industry trends] and enjoy [relevant professional interests]."
What are your greatest strengths?,"My greatest strengths include strong problem-solving abilities, excellent communication skills, and adaptability. I'm particularly skilled at [specific skill relevant to the job] and have a proven track record of [specific achievement]."
What is your greatest weakness?,"I used to struggle with [specific skill], but I've worked on improving it by [specific actions taken]. I've seen significant progress and continue to develop this skill through [ongoing efforts]."
Why do you want to work here?,"I'm impressed by [company's achievements/values/innovations]. The opportunity to work with [specific team/project] aligns perfectly with my career goals and interests in [relevant field]. I'm particularly excited about [specific aspect of the company]."
Where do you see yourself in five years?,"In five years, I aim to have grown into a [specific role] position, contributing significantly to [specific company goals]. I plan to develop my skills in [specific areas] and take on more leadership responsibilities."
Why should we hire you?,"I bring a unique combination of [specific skills] and [relevant experience] that directly align with your needs. My track record of [specific achievements] demonstrates my ability to deliver results. I'm particularly excited about [specific project/initiative] and believe I can make an immediate impact."
How do you handle stress and pressure?,"I handle stress by maintaining a structured approach to work, prioritizing tasks effectively, and taking regular breaks to maintain clarity. I've successfully managed high-pressure situations like [specific example] by [specific strategy]."
Describe a challenging situation at work and how you handled it,"I faced a challenge when [specific situation]. I handled it by [specific actions taken], which resulted in [positive outcome]. This experience taught me [specific lesson]."
What are your salary expectations?,"Based on my research of the market and my experience level, I'm looking for a salary in the range of [specific range]. However, I'm open to discussing the total compensation package, including benefits and growth opportunities."
How do you handle conflicts with coworkers?,"I believe in addressing conflicts directly and professionally. I focus on understanding different perspectives, finding common ground, and working towards a solution that benefits the team. For example, when [specific situation], I [specific approach]."
What is your leadership style?,"My leadership style is collaborative and results-oriented. I believe in empowering team members while providing clear direction and support. I've successfully led teams by [specific example] and achieved [specific results]."
How do you stay updated with industry trends?,"I stay updated through [specific methods like industry publications, conferences, online courses]. I'm particularly interested in [specific trends] and have implemented [specific examples] in my previous roles."
Describe your ideal work environment,"My ideal work environment is collaborative, innovative, and values continuous learning. I thrive in settings that encourage [specific aspects] and provide opportunities for [specific growth areas]."
How do you prioritize your work?,"I prioritize work by assessing urgency and importance, using tools like [specific methods/tools]. I regularly review and adjust priorities based on [specific criteria] and maintain clear communication with stakeholders."
What motivates you?,"I'm motivated by [specific factors like challenging projects, learning opportunities, making an impact]. I particularly enjoy [specific aspects of work] and find fulfillment in [specific achievements]."
How should I prepare for a job interview?,"1. Research the company thoroughly - understand their mission, values, recent news, and products/services. 2. Review the job description and match your skills to the requirements. 3. Prepare specific examples of your achievements. 4. Practice common interview questions. 5. Prepare questions to ask the interviewer. 6. Plan your outfit and route to the interview location. 7. Get a good night's sleep before the interview."
What are the most common interview mistakes to avoid?,"1. Arriving late or unprepared. 2. Dressing inappropriately. 3. Speaking negatively about previous employers. 4. Not doing company research. 5. Failing to ask questions. 6. Being too casual or unprofessional. 7. Not following up after the interview. 8. Talking too much or too little. 9. Not having specific examples ready. 10. Forgetting to bring necessary documents."
How should I answer behavioral interview questions?,"Use the STAR method: 1. Situation - Describe the context. 2. Task - Explain your responsibility. 3. Action - Detail what you did. 4. Result - Share the outcome. Keep answers concise (2-3 minutes), focus on your role, and highlight quantifiable results when possible."
What questions should I ask at the end of an interview?,"1. 'What are the key challenges someone in this role would face?' 2. 'How would you measure success in this position?' 3. 'What opportunities are there for professional development?' 4. 'What's the next step in the interview process?' 5. 'What do you enjoy most about working here?'"
How do I handle salary negotiation?,"1. Research market rates for the position. 2. Know your minimum acceptable salary. 3. Let the employer mention numbers first. 4. Consider the total compensation package. 5. Be prepared to justify your desired salary. 6. Practice your negotiation conversation. 7. Be professional and flexible."
What should I wear to a job interview?,"1. Research the company's dress code. 2. For corporate roles: Business professional (suit and tie for men, business suit for women). 3. For business casual: Dress pants/skirt with a blazer. 4. For creative roles: Smart casual. 5. Always ensure clothes are clean, pressed, and well-fitted. 6. Keep accessories minimal. 7. Wear comfortable, professional shoes."
How do I handle interview anxiety?,"1. Practice deep breathing exercises. 2. Prepare thoroughly to build confidence. 3. Get adequate sleep the night before. 4. Arrive early to settle in. 5. Remember that the interviewer wants you to succeed. 6. Focus on the conversation, not your nerves. 7. Have water handy. 8. Take a moment to think before answering."
What should I include in my interview portfolio?,"1. Updated resume. 2. List of references. 3. Work samples or portfolio (if applicable). 4. Certifications and credentials. 5. Notepad and pen. 6. Questions for the interviewer. 7. Company research notes. 8. Any required documents (ID, work permits)."
How do I follow up after an interview?,"1. Send a thank-you email within 24 hours. 2. Personalize the message with specific discussion points. 3. Reiterate your interest in the position. 4. Address any concerns raised during the interview. 5. Keep it concise and professional. 6. If no response after a week, send a polite follow-up."
What are red flags to watch for in an interview?,"1. Interviewer is unprepared or disorganized. 2. Company culture seems toxic or negative. 3. Job responsibilities are unclear or keep changing. 4. High turnover rate mentioned. 5. Unprofessional behavior from interviewers. 6. Vague answers to your questions. 7. Pressure to make an immediate decision."
How do I prepare for a virtual interview?,"1. Test your technology (camera, microphone, internet). 2. Choose a quiet, well-lit location. 3. Dress professionally (full outfit). 4. Have notes and resume handy. 5. Close other applications. 6. Practice with the video platform. 7. Have a backup plan for technical issues."
What are the different types of interview formats?,"1. Traditional one-on-one. 2. Panel interviews. 3. Group interviews. 4. Behavioral interviews. 5. Case study interviews. 6. Technical interviews. 7. Stress interviews. 8. Virtual interviews. 9. Phone screenings. 10. Assessment centers."
How do I handle illegal interview questions?,"1. Stay professional and calm. 2. Redirect to job-related qualifications. 3. Ask for clarification on how it relates to the job. 4. If uncomfortable, politely decline to answer. 5. Document the question for future reference. 6. Consider if you want to work for a company that asks such questions."
What are the best ways to research a company before an interview?,"1. Company website and social media. 2. Recent news articles. 3. Industry publications. 4. Company reviews on Glassdoor. 5. LinkedIn company page. 6. Annual reports. 7. Competitor analysis. 8. Employee testimonials."
How do I handle gaps in my employment history?,"1. Be honest and prepared to explain. 2. Focus on productive activities during the gap. 3. Highlight any skills gained. 4. Show how you stayed current in your field. 5. Emphasize your readiness to return to work. 6. Keep the explanation positive and forward-looking."

#software developent question
Question Number,Question,Answer,Category,Difficulty
1,What is the difference between compilation and interpretation?,Compilation translates source code into machine code creating an executable file. Interpretation translates and executes code line by line without an executable.,General Programming,Medium
2,Explain the concept of polymorphism.,"Polymorphism allows objects of different classes to be treated as objects of a common superclass enabling method overriding.",General Programming,Medium
3,Define encapsulation and give an example.,Encapsulation bundles data and methods in a class, restricting direct data access. Example: class with private data and public methods.,General Programming,Hard
4,What is an abstract class, and how is it different from an interface?,An abstract class can't be instantiated and can have abstract and concrete methods. An interface only has method signatures without implementations.,General Programming,Medium
5,Describe the principles of Object-Oriented Programming (OOP).,OOP principles include encapsulation inheritance polymorphism and abstraction promoting organized and maintainable code.",General Programming,Medium
6,What is the purpose of a constructor?,A constructor initializes object properties upon class instantiation ensuring a well-defined state.,General Programming,Medium
7,Explain the difference between stack and heap memory.,Stack memory stores local variables and function calls; heap memory is for dynamic allocation. Stack operates in LIFO heap managed manually or by garbage collection.",General Programming,Medium
8,What is a design pattern and can you name a few?,"Design patterns are solutions to common design problems. Examples: Singleton Factory Observer MVC.",General Programming,Medium
9,Define the term ""DRY"" in software development.",DRY (Don't Repeat Yourself) advocates for avoiding code duplication by reusing existing code.,General Programming,Medium
10,What is the SOLID principle?,"SOLID represents five design principles for OOP: Single Responsibility Open/Closed Liskov Substitution Interface Segregation Dependency Inversion.",General Program,Hard
11,What is the difference between an array and a linked list?,"An array has fixed size and stores elements in contiguous memory; a linked list consists of nodes with data and references allowing dynamic size."Data Structures,Easy
12,Explain the time complexity of an algorithm.,"Time complexity measures the time an algorithm takes relative to its input size expressed in Big O notation."Data Structures Hard
13,Describe the difference between a binary search tree and a hash table.,"A binary search tree is hierarchical maintaining order; a hash table maps keys to values for fast retrieval without maintaining order.",Data Structures,Medium
14,What is a linked list and how does it work?,"A linked list is a series of nodes each containing data and a reference to the next node allowing dynamic memory allocation and efficient insertions/deletions.",Data Structures,Medium
15,Explain the concept of recursion.,"Recursion is when a function calls itself to solve subproblems with a base case to terminate recursion.",Data Structures,Medium
16,"What is Big O notation, and why is it important?","Big O notation describes the upper bound of algorithm time complexity important for comparing efficiency and growth rates.",Data Structures,Medium
17,How do you perform a binary search on a sorted array?,"Binary search divides the search interval in half repeatedly comparing the middle element to the target.",Data Structures,Hard
18,Discuss the advantages and disadvantages of different sorting algorithms.,Sorting algorithms vary in time/space complexity and stability. Quick Sort and Merge Sort are fast but more complex; Insertion and Bubble Sort are simple but slower.,Data Structures,Medium
19,Explain how a hash table works.,"A hash table uses a hash function to map keys to values in an array allowing fast O(1) access.",Data Structures,Medium
20,What is dynamic programming?,"Dynamic programming solves complex problems by dividing them into smaller subproblems avoiding redundant calculations.",Data Structures,Hard
21,What is the difference between Java and JavaScript?,"Java is a compiled statically-typed language used for server-side mobile and desktop apps. JavaScript is an interpreted dynamically-typed language for web development."Languages and Frameworks Medium
22,Describe the MVC architectural pattern.,"MVC divides an application into Model (data) View (UI) and Controller (input handling) promoting separation of concerns.",Languages and Frameworks,Medium
23,What is a RESTful API?,"RESTful API is a web service implementation using HTTP methods to perform CRUD operations on resources adhering to stateless client-server architecture.",Languages and Frameworks,Medium
24,"Explain the use of ""this"" keyword in JavaScript.","""this"" in JavaScript refers to the execution context varying based on function calling global scope or event handlers.",Languages and Frameworks,Medium
25,What is a closure in programming?,A closure is a function with access to its outer scope variables even after the outer function has executed.,Languages and Frameworks,Medium
26,What are the differences between Python 2 and Python 3?,Python 3 has print as a function true division Unicode support by default and different syntax for exceptions unlike Python 2,Languages and Frameworks,Medium
27,Discuss the role of a package manager like npm or pip.,"Package managers manage installation update and dependency resolution of libraries simplifying library management in development.",Languages and Frameworks,Hard
28,Explain the concept of multi-threading in Java.,"Multi-threading in Java allows concurrent execution of multiple threads improving application responsiveness and performance.",Languages and Frameworks,Medium
29,What is a Singleton pattern?,"Singleton ensures a class has only one instance and provides a global access point to it useful for shared resources.",Languages and Frameworks,Medium
30,What is a virtual function in C++?,"Virtual functions in C++ allow derived classes to override them enabling runtime polymorphism and dynamic method dispatch.",Languages and Frameworks,Medium
31,"What is a database index, and why is it important?","A database index speeds up data retrieval similar to a book's index improving query performance.",Database and SQL,Medium
32,Explain the differences between SQL and NoSQL databases.,SQL databases use structured query language with a predefined schema; NoSQL databases store schema-less data with flexible models.,Database and SQL,Medium
33,What is a foreign key in a database?,"A foreign key links two tables by referring to the primary key in another table ensuring referential integrity.",Database and SQL,Medium
34,Describe the ACID properties in database transactions.,"ACID: Atomicity (indivisible transactions) Consistency (consistent state transitions) Isolation (independent transactions) Durability (persisted changes).",Database and SQL,Hard
35,How do you optimize a SQL query for better performance?,"Optimize using indexes efficient SQL limiting data retrieval analyzing query performance and considering denormalization.",Database and SQL,Easy
36,What is normalization in database design?,"Normalization organizes data into separate tables to reduce redundancy and improve integrity following normalization forms.",Database and SQL,Hard
37,Explain the difference between INNER JOIN and LEFT JOIN in SQL.,INNER JOIN returns matching rows from both tables; LEFT JOIN returns all rows from the left table and matching rows from the right.,Database and SQL,Medium
38,"What is a stored procedure, and when would you use one?","Stored procedures are precompiled SQL statements for data manipulation and logic used for repetitive tasks and improving performance.",Database and SQL,Medium
39,"What is database denormalization, and when is it appropriate?","Denormalization introduces redundancy for performance useful in read-heavy scenarios at the expense of storage and complexity.",Database and SQL,Medium
40,Discuss the advantages and disadvantages of using an ORM tool.,ORM simplifies database interactions and is language-agnostic. It can introduce performance overhead and may limit database features.,Database and SQL,Medium
41,What is the Document Object Model (DOM)?,"The DOM is a tree-like representation of a web page's structure allowing manipulation of content structure and style via programming languages.",Web Development,Hard
42,Explain the difference between HTTP and HTTPS.,"HTTP is an unsecured data transmission protocol; HTTPS is secure encrypting data in transit using SSL/TLS.",Web Development,Medium
43,What is CORS (Cross-Origin Resource Sharing)?,"CORS is a security measure allowing or restricting resources requested from another domain managed via HTTP headers.",Web Development,Medium
44,Describe the purpose of a web server like Apache or Nginx.,"Web servers handle HTTP requests serve content manage security routing and can act as reverse proxies for application servers.",Web Development,Medium
45,"What is a cookie, and how does it work?","Cookies are data stored on the user's computer by the web server sent with HTTP requests for session management tracking and storing preferences.",Web Development,Hard
46,What is a session in web development?,"A session maintains stateful information across multiple HTTP requests typically for user authentication and data storage.",Web Development,Medium
47,Explain the concept of responsive web design.,"Responsive design ensures web content functions across different devices and screen sizes using CSS media queries and flexible layouts.",Web Development,Medium
48,Describe the differences between GET and POST requests.,"GET requests retrieve data and include parameters in the URL; POST requests send data to the server encapsulating data in the request body.",Web Development,Medium
49,What is the importance of SEO in web development?,"SEO enhances a website's visibility in search engine results improving organic traffic and user reach through optimized content and structure.",Web Development,Medium
50,How does a web browser render a web page?,"Browsers parse HTML to create a DOM fetch resources build a rendering tree apply CSS calculate layout and paint the page on the screen.",Web Development,Medium
51,"What is unit testing, and why is it important?","Unit testing evaluates individual code components ensuring correctness and facilitating early defect detection.",Software Testing,Medium
52,Explain the difference between black-box and white-box testing.,Black-box tests functionality without internal code knowledge; white-box tests internal code logic and structure.,Software Testing,Hard
53,What is regression testing?,"Regression testing ensures new code changes don't break existing features maintaining functionality over updates.",Software Testing,Easy
54,Describe the purpose of code reviews.,"Code reviews identify defects improve quality enforce standards and facilitate knowledge sharing.",Software Testing,Hard
55,What is continuous integration (CI) and continuous delivery (CD)?,CI involves frequent code integration and testing; CD extends CI by deploying changes to production automatically after testing.,Software Testing,Medium
56,Explain the concept of code coverage in testing.,"Code coverage measures the extent of code tested assessing test thoroughness and identifying untested areas.",Software Testing,Medium
57,What is a test case and how do you write one?,"A test case outlines test conditions inputs and expected results structured with objective steps and documentation.",Software Testing,Medium
58,"What is load testing, and why is it necessary?","Load testing evaluates system performance under expected load conditions identifying bottlenecks and scalability issues.",Software Testing,Medium
59,Describe the differences between manual and automated testing.,Manual testing is human-driven; suitable for exploratory and UX testing. Automated testing uses tools for repetitive tasks; suitable for regression and performance testing.,Software Testing,Hard
60,What is a bug tracking system?,"A bug tracking system logs manages and resolves issues in software development ensuring systematic problem handling.",Software Testing,Medium
61,"What is Git, and how does it work?","Git is a distributed version control system for tracking changes in source code allowing collaborative work and branch management.",Version Control,Medium
62,Explain the difference between Git and SVN (Subversion).,"Git is distributed, with local repository copies; SVN is centralized requiring network connectivity for repository access.",Version Control,Hard
63,"What is a merge conflict, and how do you resolve it in Git?",Merge conflicts occur when changes in different branches clash. Resolve by manually editing files and committing the result.,Version Control,Medium
64,Describe the purpose of branching in version control.,"Branching isolates development work without affecting other parts of the repository aiding in feature development and experimentation.",Version Control,Medium
65,"What is a pull request (PR), and how does it work?","A PR is a request to merge code from one branch to another facilitating code review and discussion before integration.",Version Control,Medium
66,How do you handle code conflicts in a team project?,"Resolve code conflicts through communication careful review, manual merging testing and documenting resolutions.",Version Control,Medium
67,"What is code refactoring, and why is it important?","Refactoring improves code structure and readability without altering functionality enhancing maintainability and quality.",Version Control,Medium
68,Explain the role of Git branching strategies like GitFlow.,"GitFlow organizes branches and releases defining naming conventions and branch purposes for structured and organized development.",Version Control,Medium
69,"What is Git rebase, and when would you use it?",Git rebase re-applies commits onto another base for a cleaner history. Use with caution to maintain a linear project history.,Version Control,Hard
70,Discuss the advantages of distributed version control systems.,"Distributed systems allow offline work flexible branching/merging faster operations redundancy and collaborative workflows.",Version Control,Medium
71,Describe the concept of microservices architecture.,"Microservices architecture consists of small independent services communicating via APIs each responsible for specific functionality promoting scalability and maintenance.",System Design,Medium
72,"What is a load balancer, and why is it used in web applications?","A load balancer distributes incoming traffic across servers ensuring resource efficiency fault tolerance and high availability.",System Design,Medium
73,Explain the importance of caching in web applications.,"Caching stores frequently accessed data for faster retrieval reducing backend load improving performance and enhancing user experience.",System Design,Medium
74,What is a CDN (Content Delivery Network)?,"A CDN is a network of servers for delivering content efficiently to users based on geographic proximity reducing latency and load times.",System Design,Medium
75,Discuss the pros and cons of monolithic vs. microservices architecture.,Monolithic is simple but less scalable; microservices offer scalability and flexibility but are complex to manage.,System Design,Medium
76,What is a stateless vs. stateful service?,"Stateless services don't retain client data between requests; stateful services maintain client state useful for sessions and transactions.",System Design,Hard
77,Explain the concept of CAP theorem in distributed systems.,"The CAP theorem states that in a distributed system you cannot simultaneously guarantee Consistency Availability and Partition Tolerance at all times.",System Design,Easy
78,How do you ensure data consistency in a distributed database?,"Ensure consistency using strong consistency models, two-phase commits optimistic concurrency control and conflict resolution strategies.",System Design,Hard
79,Describe the role of a reverse proxy in a web application.,"A reverse proxy routes client requests to appropriate servers providing load balancing SSL termination caching and security.",System Design,Medium
80,"What is a message broker, and when would you use one?","A message broker facilitates communication in distributed systems through asynchronous messaging used in event-driven architectures and high-volume scenarios.",System Design,Medium
81,"What is SQL injection, and how can it be prevented?","SQL injection exploits vulnerabilities to execute malicious SQL. Prevent with parameterized queries input validation and least privilege access.",Security,Medium
82,Explain the concept of Cross-Site Scripting (XSS).,"XSS injects malicious scripts into web apps executed by users' browsers. Prevent with input validation output encoding and CSP.",Security,Medium
83,What is two-factor authentication (2FA)?,2FA adds extra security by requiring two verification forms: something known (password) and something possessed (device).,Security,Hard
84,Describe the process of password hashing and salting.,"Hashing transforms passwords into hashes using algorithms; salting adds randomness enhancing security against attacks.",Security,Medium
85,"What is OAuth, and how does it work?","OAuth allows third-party app access to user data without exposing credentials using access tokens for authorization.",Security,Medium
86,How do you protect against session fixation attacks?,"Protect by regenerating session IDs post-authentication using unpredictable IDs and tying IDs to user authentication.",Security,Medium
87,Explain the principles of least privilege and defense in depth.,Least privilege limits access rights; defense in depth layers security. Both minimize attack surfaces and provide redundancy.,Security,Hard
88,What is a DDoS (Distributed Denial of Service) attack?,"A DDoS attack overwhelms a target with traffic causing unavailability. Mitigate with DDoS protection rate limiting and traffic analysis.",Security,Medium
89,How can you secure sensitive data in a mobile app?,"Secure data by encrypting at rest and in transit using secure authentication and following best practices.",Security,Medium
90,Discuss the importance of security in API design.,"API security is vital to protect data and prevent unauthorized access using authentication validation rate limiting and encryption.",Security,Medium
91,"What is Docker, and how does it work?","Docker is a containerization platform packaging applications with dependencies ensuring consistent environments across systems.",DevOps,Medium
92,Explain the concept of container orchestration.,"Container orchestration automates deployment scaling and management of containers optimizing resource use and handling failures.",DevOps,Medium
93,"What is Kubernetes, and why is it popular in container management?","Kubernetes is an open-source container orchestration platform automating deployment and management known for its scalability and community support.",DevOps,Medium
94,Describe the process of continuous integration and continuous delivery (CI/CD).,"CI/CD automates build test and deployment processes delivering code changes rapidly and reliably to production.",DevOps,Hard
95,What is infrastructure as code (IaC)?,"IaC manages infrastructure using code ensuring consistency automation and version control in deployments.",DevOps,Easy
96,How do you monitor the performance of a web application?,"Monitor using tools to collect and analyze data on response times resource utilization error rates and user experience.",DevOps,Hard
97,Discuss the importance of automated testing in CI/CD pipelines.,"Automated testing in CI/CD ensures code changes are defect-free enhancing reliability and speeding up delivery.",DevOps,Medium
98,"What is Blue-Green deployment, and when would you use it?",Blue-Green deployment alternates between two production environments for easy rollbacks and minimal downtime during updates.,DevOps,Medium
99,Explain the role of a configuration management tool like Ansible.,"Configuration management tools automate provisioning and management of software and infrastructure ensuring consistency and efficiency.",DevOps,Medium
100,"Describe the benefits of using a cloud platform like AWS Azure or Google Cloud.","Cloud platforms offer scalability cost-efficiency global reach and managed services reducing operational burdens with security and compliance features.",DevOps,Medium
101,Explain the concept of 'closure' in JavaScript.,A closure is a function that remembers its outer variables and can access them.,Front-end,Hard
102,Describe the use of Docker in a DevOps environment.,"Docker allows for packaging applications in containers, facilitating consistent deployment across different environments.",DevOps,Medium
103,What is a 'race condition' in software development?,A race condition occurs when the system's behavior depends on the sequence or timing of other uncontrollable events.,Back-end,Medium
104,How would you optimize a website's load time?,"Optimizations can include minimizing HTTP requests using CDNs compressing files caching, etc.",Front-end,Hard
105,What is the difference between SQL and NoSQL databases?,"SQL databases are structured, use SQL and are better for complex queries. NoSQL databases are flexible scale well and are good for hierarchical data storage.",Back-end,Medium
106,Can you explain the concept of 'state' in React?,State in React is an object that holds some information that may change over the lifecycle of the component.,Front-end,Medium
107,What is continuous integration in DevOps?,Continuous integration is the practice of automating the integration of code changes into a software project.,DevOps,Medium
108,How do you implement a binary search algorithm?,"Binary search involves repeatedly dividing in half the portion of the list that could contain the item until you've narrowed the possibilities to just one.",Full-stack,Medium
109,Describe the MVC architecture.,"MVC architecture stands for Model-View-Controller separating the application into three interconnected components.",Full-stack,Medium
110,What are microservices and how do they differ from monolithic architectures?,"Microservices are a software development technique a variant of the service-oriented architecture architectural style that structures an application as a collection of loosely coupled services. In a monolithic architecture all components are interconnected and interdependent.",Back-end,Medium
111,Explain the difference between '==' and '===' in JavaScript.,"'==' compares values after type conversion while '===' compares both value and type.",Front-end,Hard
112,What is Kubernetes and how does it relate to containerization?,"Kubernetes is an open-source platform for automating deployment scaling and operations of application containers across clusters of hosts.",DevOps,Medium
113,Describe how you would implement a RESTful API in a back-end application.,"A RESTful API is implemented by setting up HTTP routes (GET, POST, PUT, DELETE) and handling requests and responses in a stateless manner, often using JSON.",Back-end,Medium
114,What are the benefits of server-side rendering vs client-side rendering?,"Server-side rendering improves initial page load time and SEO while client-side rendering is good for dynamic websites with less initial loading content.",Front-end,Medium
115,How do NoSQL databases handle data scaling compared to traditional SQL databases?,NoSQL databases are generally more scalable and provide superior performance for large-scale applications due to their flexibility in handling unstructured data.,Back-end,Medium
116,Explain the use of hooks in React.,Hooks are functions that let you 'hook into' React state and lifecycle features from function components.,Front-end,Medium
117,What is Infrastructure as Code (IaC) and its significance in DevOps?,"IaC is the management of infrastructure (networks, virtual machines, load balancers, etc.) in a descriptive model, using code which increases development and deployment speed.",DevOps,Medium
118,Describe the process of memoization in programming.,Memoization is an optimization technique used to speed up programs by storing the results of expensive function calls.,Full-stack,Hard
119,What are the advantages of using a microservices architecture?,"Advantages include easier scalability flexibility in choosing technology better fault isolation and improved continuous deployment.",Back-end,Easy
120,Explain the SOLID principles in software engineering.,"SOLID stands for Single Responsibility Open-Closed Liskov Substitution Interface Segregation and Dependency Inversion principles guiding towards more maintainable understandable and flexible software.",Full-stack,Hard
121,What is lazy loading in web development?,"Lazy loading is a design pattern that delays loading of non-critical resources at page load time reducing initial load time and page weight.",Front-end,Medium
122,Discuss the role of a load balancer in a distributed system.,A load balancer distributes network or application traffic across multiple servers to enhance responsiveness and availability of applications.,DevOps,Medium
123,How does indexing improve database query performance?,"Indexing speeds up data retrieval operations by effectively creating a smaller faster version of the database table.",Back-end,Medium
124,Explain event delegation in JavaScript.,Event delegation refers to the practice of using a single event listener to manage all events of a specific type for child elements.,Front-end,Medium
125,Explain the concept of 'closure' in JavaScript.,A closure is a function that remembers its outer variables and can access them.,Front-end,Hard
126,Describe the use of Docker in a DevOps environment.,"Docker allows for packaging applications in containers facilitating consistent deployment across different environments.",DevOps,Medium
127,What is a 'race condition' in software development?,A race condition occurs when the system's behavior depends on the sequence or timing of other uncontrollable events.,Back-end,Hard
128,How would you optimize a website's load time?,"Optimizations can include minimizing HTTP requests using CDNs compressing files caching etc.",Front-end,Medium
129,What is the difference between SQL and NoSQL databases?,"SQL databases are structured use SQL and are better for complex queries. NoSQL databases are flexible scale well and are good for hierarchical data storage.",Back-end,Medium
130,Can you explain the concept of 'state' in React?,State in React is an object that holds some information that may change over the lifecycle of the component.,Front-end,Medium
131,What is continuous integration in DevOps?,Continuous integration is the practice of automating the integration of code changes into a software project.,DevOps,Medium
132,How do you implement a binary search algorithm?,"Binary search involves repeatedly dividing in half the portion of the list that could contain the item until you've narrowed the possibilities to just one.",Full-stack,Medium
133,Describe the MVC architecture.,"MVC architecture stands for Model-View-Controller separating the application into three interconnected components.",Full-stack,Medium
134,What are microservices and how do they differ from monolithic architectures?,"Microservices are a software development technique a variant of the service-oriented architecture architectural style that structures an application as a collection of loosely coupled services. In a monolithic architecture all components are interconnected and interdependent.",Back-end,Hard
135,Explain the difference between '==' and '===' in JavaScript."'==' compares values after type conversion, while '===' compares both value and type.",Front-end,Easy
136,What is Kubernetes and how does it relate to containerization?,"Kubernetes is an open-source platform for automating deployment scaling and operations of application containers across clusters of hosts.",DevOps,Hard
137,Describe how you would implement a RESTful API in a back-end application.,"A RESTful API is implemented by setting up HTTP routes (GET, POST, PUT, DELETE) and handling requests and responses in a stateless manner often using JSON.",Back-end,Medium
138,What are the benefits of server-side rendering vs client-side rendering?,"Server-side rendering improves initial page load time and SEO while client-side rendering is good for dynamic websites with less initial loading content.",Front-end,Medium
139,How do NoSQL databases handle data scaling compared to traditional SQL databases?,NoSQL databases are generally more scalable and provide superior performance for large-scale applications due to their flexibility in handling unstructured data.,Back-end,Medium
140,Explain the use of hooks in React.,Hooks are functions that let you 'hook into' React state and lifecycle features from function components.,Front-end,Medium
141,What is Infrastructure as Code (IaC) and its significance in DevOps?,"IaC is the management of infrastructure (networks, virtual machines, load balancers, etc.) in a descriptive model using code which increases development and deployment speed.",DevOps,Hard
142,Describe the process of memoization in programming.,Memoization is an optimization technique used to speed up programs by storing the results of expensive function calls.,Full-stack,Medium
143,What are the advantages of using a microservices architecture?,"Advantages include easier scalability flexibility in choosing technology better fault isolation and improved continuous deployment.",Back-end,Medium
144,Explain the SOLID principles in software engineering.,"SOLID stands for Single Responsibility Open-Closed Liskov Substitution Interface Segregation and Dependency Inversion principles guiding towards more maintainable understandable and flexible software.",Full-stack,Hard
145,What is lazy loading in web development?,"Lazy loading is a design pattern that delays loading of non-critical resources at page load time, reducing initial load time and page weight.",Front-end,Medium
146,Discuss the role of a load balancer in a distributed system.,A load balancer distributes network or application traffic across multiple servers to enhance responsiveness and availability of applications.,DevOps,Medium
147,How does indexing improve database query performance?,"Indexing speeds up data retrieval operations by effectively creating a smaller faster version of the database table.",Back-end,Medium
148,Explain event delegation in JavaScript.,Event delegation refers to the practice of using a single event listener to manage all events of a specific type for child elements.,Front-end,Medium
149,Explain the concept of 'closure' in JavaScript.,A closure is a function that remembers its outer variables and can access them.,Front-end,Medium
150,Describe the use of Docker in a DevOps environment.,"Docker allows for packaging applications in containers facilitating consistent deployment across different environments.",DevOps,Medium
151,Design a distributed key-value store.,"Focus on data partitioning replication for fault tolerance consistency models and handling node failures.",System Design,Hard
152,Implement a function to check if a binary tree is balanced.,Use a recursive function to check the height of each subtree; return false if the difference is more than one.,Algorithms,Hard
153,Design a URL shortening service like bit.ly.,"Consider efficient hashing collision resolution database schema, scalability and API rate limiting.",System Design,Hard
154,Design a recommendation system for a large e-commerce platform.,"Use collaborative filtering content-based filtering or hybrid methods; consider scalability and real-time processing.",Machine Learning,Hard
155,Write an algorithm to find the median of a stream of numbers.,"Use two heaps (max heap for lower half, min heap for upper half) to maintain the median.",Algorithms,Hard
156,Explain the Raft consensus algorithm.,"Discuss leader election, log replication, safety, and how Raft achieves consensus in a distributed system.",Distributed Systems,Hard
157,"Optimize a global, high-traffic content delivery network.","Use strategies like caching edge locations load balancing and optimizing routing and data compression.",Networking,Hard
158,Design a chat application that can scale to millions of users.,"Consider websocket protocol for real-time communication efficient message broadcasting and scalable backend architecture.",System Design,Hard
159,Implement a garbage collector for a programming language.,"Understand memory management concepts like mark-and-sweep reference counting and generational collection.",Low-level Systems,Hard
160,Design a scalable notification system for a social network.,"Focus on system architecture push vs. pull models handling peak loads, database optimization and message queuing.",System Design,Hard
161,Explain the workings of the TCP protocol for a low-latency network.,"Focus on the three-way handshake congestion control (like TCP Fast Open, and CUBIC) and optimizing for reduced latency.",Networking,Hard
162,Design and implement a concurrent hash map.,Implement with fine-grained locking or lock-free techniques to ensure thread safety and high concurrency.,Data Structures,Hard
163,Find the Kth largest element in a stream of numbers.,"Utilize a min-heap to keep track of the K largest elements, ensuring efficient insertion and extraction.",Algorithms,Hard
164,Implement Google's PageRank algorithm.,Use graph-based algorithms focusing on eigenvector calculation and iterative approaches.,Algorithms,Hard
165,Design an API rate limiter for a web service.,"Use token bucket or leaky bucket algorithms consider distributed storage for scalability.",System Design,Hard
166,Optimize database queries for a high-traffic website.,"Focus on indexing query optimization, using caching database sharding and efficient schema design.",Database Systems,Hard
167,Create a secure and scalable authentication system for a web application.,"Implement OAuth for third-party integrations use JWT for stateless authentication and ensure protection against common security vulnerabilities.",Security,Hard
168,Design a system for efficient storage and retrieval of large-scale time-series data.,"Optimize for write-heavy loads, use time-based partitioning efficient indexing and consider data compression techniques.",Database Systems,Hard
169,Explain how a blockchain works and how to implement one.,"Focus on cryptographic hashing decentralized consensus algorithms (like Proof of Work) and the maintenance of a distributed ledger.",Distributed Systems,Hard
170,Design an efficient parking lot management system.,"Use object-oriented design principles focus on efficiently handling different vehicle sizes and optimizing space usage.",System Design,Hard
171,Develop a machine learning model to predict stock prices.,"Consider time series analysis regression models and reinforcement learning; pay attention to features and data preprocessing.",Machine Learning,Hard
172,Write a custom memory allocator for a C++ application.,"Discuss memory pool allocation handling fragmentation and optimizing for allocation/deallocation speed.",Low-level Systems,Hard
173,Design a real-time multiplayer online game architecture.,"Focus on handling high network traffic efficient state synchronization, latency reduction, and scalability.",System Design,Hard
174,Implement a distributed file system.,"Address challenges in data distribution replication fault tolerance consistency and performance.",Distributed Systems,Hard
175,Optimize a search algorithm for a large dataset in a distributed environment.,Implement distributed searching algorithms like MapReduce for scalability and efficiency.,Algorithms,Hard
176,Design a data pipeline for processing big data in real-time.,"Utilize stream processing frameworks (like Apache Kafka, Spark Streaming), ensure fault tolerance and manage backpressure.",Data Engineering,Hard
177,Build a high-frequency trading system and discuss its components.,"Focus on low latency high throughput reliable data feeds order execution systems and concurrent algorithms.",System Design,Hard
178,Develop a deep learning model to analyze and interpret medical images.,"Use convolutional neural networks pay attention to dataset quality and preprocessing and handle class imbalances.",Machine Learning,Hard
179,Create an AI that can play a complex board game at a competitive level.,"Implement advanced AI techniques like Monte Carlo Tree Search deep learning and reinforcement learning.",Artificial Intelligence,Hard
180,Design a fraud detection system for online transactions.,"Use machine learning for anomaly detection implement rule-based systems for known fraud patterns ensure real-time processing.",Security,Hard
181,Implement a distributed graph processing framework.,"Discuss vertex-centric computation message passing between nodes and optimizations for large-scale processing.",Distributed Systems,Hard
182,Design a global video streaming service like Netflix.,"Focus on CDN usage, adaptive bitrate streaming content caching strategies and handling peak traffic loads.",System Design,Hard
183,Create a system to efficiently match job seekers with job postings.,"Use NLP for parsing resumes implement ranking algorithms and optimize for search and matching efficiency.",Algorithms,Hard
184,Design and implement a large-scale distributed cache system.,"Consider consistency data partitioning eviction policies and fault tolerance in distributed caching.",Distributed Systems,Hard
185,Optimize network protocols for a satellite communication system.,"Address latency, data loss, and bandwidth issues; optimize for long-distance and high-latency networks.",Networking,Hard
186,Develop an autonomous vehicle's path planning algorithm.,"Implement algorithms considering real-time obstacle avoidance dynamic path adjustments and efficient routing.",Algorithms,Hard
187,Design a scalable and reliable messaging system for a large corporation.,"Utilize message queues (like Kafka, RabbitMQ) ensure fault tolerance and implement load balancing.",System Design,Hard
188,Implement a natural language processing algorithm to understand and answer user queries.,"Use NLP techniques like tokenization parsing and deep learning models for understanding and generating responses.",Machine Learning,Hard
189,Create an efficient algorithm for real-time anomaly detection in network traffic.,Implement statistical models or machine learning algorithms to detect unusual patterns indicative of anomalies.,Algorithms,Hard
190,Design a system to manage and process Internet of Things (IoT) data.,"Focus on handling large-scale data influx real-time processing data storage and analytics.",System Design,Hard
191,Build a compiler for a new programming language.,"Discuss lexical analysis parsing syntax tree generation semantic analysis and code generation.",Low-level Systems,Hard
192,Implement a robust text editor with features like auto-complete and syntax highlighting.,"Consider efficient data structures for text storage (like gap buffers) and algorithms for syntax parsing.",Algorithms,Hard
193,Design a scalable infrastructure for an online advertising platform.,"Focus on handling high-volume traffic data analytics ad targeting algorithms and ensuring low-latency responses.",System Design,Hard
194,Develop a machine learning algorithm to detect fake news on social media.,"Use NLP for text analysis implement classification algorithms and consider the challenge of unstructured data.",Machine Learning,Hard
195,Optimize an SQL database for a high-volume financial transaction system.,"Focus on transaction isolation levels indexing strategies query optimization and database sharding.",Database Systems,Hard
196,Design a cloud-based virtual desktop infrastructure.,"Address virtualization technologies resource allocation security and remote access protocols.",System Design,Hard
197,Create a real-time sports analytics system using sensor data.,"Utilize streaming data processing machine learning for pattern recognition and efficient data storage solutions.",Data Engineering,Hard
198,Implement a quantum algorithm for solving a well-known computational problem.,"Discuss quantum computing principles qubit manipulation, and specific algorithms like Grover's or Shor's algorithm.",Algorithms,Hard
199,Design a secure mobile payment system for developing countries.,"Focus on security protocols offline capabilities user authentication and low-resource optimizations.",Security,Hard
200,Build a scalable image processing pipeline for a photo-sharing app.,"Implement distributed processing efficient storage and consider ML techniques for feature extraction.",System Design,Hard

#behavioral questions and answer
Describe a major change that occurred in a job that you held. How did you adapt to this change?,"In my previous role as a software developer our company shifted from a monolithic architecture to microservices. I adapted by quickly learning containerization with Docker and Kubernetes attending training sessions and collaborating with senior engineers. This helped me contribute to the migration and improved my ability to handle technological shifts."
Tell us about a situation in which you had to adjust to changes over which you had no control. How did you handle it?,"During a cloud migration project the vendor changed their API unexpectedly which broke some of our integrations. Although this was beyond my control I reviewed the new API docs updated our scripts and tested thoroughly. This allowed us to meet deadlines despite the disruption."
Tell us about a time that you had to adapt to a difficult situation.,"When a production server crashed during peak traffic I had to adapt quickly. I coordinated with the infrastructure team implemented a temporary failover and worked overnight to restore services. The site was back online with minimal downtime and later we added monitoring tools to prevent recurrence."
What do you do when priorities change quickly? Give one example of when this happened.,"In one sprint we were working on a reporting feature when a critical security vulnerability was discovered. Priorities shifted immediately. I paused my feature work collaborated with the security team patched the vulnerability and verified fixes. This quick response protected user data without delaying other deliverables too much."
Describe a project or idea that was implemented primarily because of your efforts. What was your role? What was the outcome?,"I proposed introducing automated unit testing in our CI/CD pipeline. I created the initial test suite presented the benefits to the team and integrated it with Jenkins. Within a few months test coverage increased significantly reducing production bugs by 30%."
Describe a time when you made a suggestion to improve the work in your organization.,"I noticed code reviews were taking too long due to lack of clear guidelines. I suggested introducing a code review checklist with best practices. The team adopted it and review time dropped while code quality improved."
Give an example of an important goal that you set in the past. Tell about your success in reaching it.,"I set a goal to earn an AWS Solutions Architect certification within six months to better support cloud migration projects. I studied after work completed practice labs and passed the certification exam. This knowledge allowed me to lead the migration of two key services to AWS."
Give two examples of things you've done in previous jobs that demonstrate your willingness to work hard.,"First I once stayed overnight during a critical system outage troubleshooting until services were restored. Second I volunteered to take on additional DevOps responsibilities learning new tools outside of my job description to ensure smooth deployments."
How do you handle a challenge? Tell me about a situation where you faced a challenge.,"During my internship at a tech company I was assigned to implement an API integration I had never worked on before. I researched the documentation sought guidance from peers and tested iteratively. In the end the integration worked successfully and I gained confidence in tackling unknown technologies."
Can you work effectively under pressure? If yes how?,"During a product launch our payment gateway integration failed just hours before release. I quickly diagnosed the issue patched the code and tested it under pressure. The launch went ahead on time and the team recognized my calm approach in high-pressure scenarios."
When was the last time you made a mistake and how did you handle it?,"I once pushed code to production without running all tests which caused a minor bug in the UI. I immediately informed my manager rolled back the deployment and fixed the issue. I also introduced a pre-deployment checklist to prevent similar mistakes in the future."
How do you set goals? Give an example.,"I use the SMART framework to set goals. For example I set a goal to learn Python for automation within three months. I broke it into weekly learning milestones practiced with small scripts and by the end automated reporting tasks for my team."
Take me to the time you set a goal and achieved it.,"I wanted to improve system monitoring in our IT environment. I set a goal to implement Prometheus and Grafana dashboards within a quarter. I learned the tools set up data exporters and created dashboards. The team now relies on them to proactively monitor system health."
Tell me a decision that other team members or colleagues didn't like. How did you implement it?,"As a QA lead I enforced mandatory peer code reviews before merges which some developers resisted due to extra time. I explained how it would reduce bugs demonstrated early results and eventually the team accepted it after seeing improved code quality."
Are you someone who works in a team or like solo working? Give an example of how you worked on a team.,"During a DevOps project I worked closely with developers and sysadmins to build a CI/CD pipeline. Each member handled specific tasks but we collaborated daily. The teamwork paid off—we reduced deployment time from hours to minutes."
What do you do when your opinions collide with someone else?,"While designing a database schema I disagreed with a teammate about normalization levels. Instead of insisting I created two prototypes with performance tests. Presenting data helped us reach consensus and we chose the more efficient design."
Give an example of how you were able to motivate employees or co-workers.,"When our sprint velocity dropped I encouraged the team by suggesting pair programming sessions for tricky tasks. This built collaboration boosted morale and increased overall productivity."
Have you handled a difficult situation? How?,"Once during a cybersecurity incident malware was detected on multiple endpoints. I quickly isolated affected machines coordinated with security and helped restore backups. The incident was resolved with no major data loss."
Describe a project or situation that best illustrates your analytical skills. What did you do?,"During my final year IT project I analyzed system logs to detect anomalies. I wrote scripts to process data and identified unusual spikes linked to memory leaks. The insights led us to fix the root cause and improve performance by 25%."
Describe a time when you had to analyze data and make a recommendation. What kind of thought process did you engage in? Was the suggestion accepted? If not, why not?,"While working as a data intern I analyzed user activity logs to recommend which features to prioritize. I noticed heavy usage of reporting features and suggested improving them. Management accepted the recommendation which increased user retention."
Describe a time when you had to solve a difficult problem. What exactly did you do? What was the end result? What would you have done differently?,"Our automated deployment pipeline was failing randomly. I traced logs isolated the issue to inconsistent environment variables and standardized configurations. The failures stopped. If I could do it differently I would have added environment validation earlier."
How do you research a problem before making a decision? Why?,"When choosing between SQL and NoSQL for a project I researched scalability consistency and cost trade-offs. I reviewed documentation benchmarks and case studies before recommending NoSQL. The system scaled effectively afterward."
When was the last time you had to deal with an angry customer? What exactly did you do? How did things turn out?,"A client was upset about a system outage. I calmly explained the issue gave regular status updates and provided a temporary workaround. They appreciated the transparency and trust was maintained."
If you have inherited a customer, tell me about that experience. What steps did you take to establish rapport with them? What did you do to gain their trust?,"When I took over a client account for an IT support contract I introduced myself via a kickoff call reviewed past tickets and proactively resolved open issues. The client appreciated the smooth handover and continued their contract."
How have you managed a previous situation in which your client changed the brief or 'moved the goalposts'?,"In a software project the client changed requirements midway to include mobile support. I worked with my team to adjust timelines redesigned APIs for compatibility and delivered successfully. The client was satisfied despite the changes."
Describe a time when you went above and beyond to ensure a customer received the best possible service from you and the organization. What was their response?,"A client faced a major bug just before a product demo. I stayed late debugged the issue and delivered a patch overnight. The client was grateful and praised our dedication."
When was the last time you went out on a limb to defend a customer? What occurred?,"A client disputed extra cloud charges due to a misconfigured resource. I gathered evidence escalated to the vendor and secured a refund. The client was very satisfied with the advocacy."
Tell me about a recent successful speech or presentation you gave.,"I presented a workshop on Git branching strategies for my team. I included examples live demos and best practices. Feedback was positive and several developers adopted the new workflow."
When was the last time you had to give a presentation to a group of people with little or no preparation? What challenges did you face? How did you deal with them?,"When a teammate fell sick I had to present sprint progress to stakeholders on short notice. I reviewed Jira boards quickly highlighted completed work and fielded questions confidently. The stakeholders were impressed with my preparedness."
Have you ever had to 'sell' a concept to colleagues? How did you manage it?,"I proposed adopting Docker for local development. To persuade colleagues I created a proof-of-concept showing how it eliminated works on my machine issues. They agreed to adopt it which streamlined development."
Tell me about a time when you were able to effectively communicate with another person, even if that person did not like you (or vice versa).,"A senior developer initially dismissed my ideas during code reviews. Instead of reacting defensively I calmly explained my reasoning and provided documentation. Over time we built mutual respect and collaborated well."
Have you ever encountered any hurdles or difficulties in communicating your ideas to a manager?,"Yes I once struggled to convince my manager about upgrading legacy servers. She was worried about downtime. I prepared a cost-benefit analysis with a phased migration plan. She approved it and we upgraded without issues."
Tell me about a time when you had to use your written communication skills to convey an important message.,"As a system admin I drafted a detailed incident report after a major outage explaining root cause resolution steps and preventive measures. The report was well-received by management and used as a training resource."

#Cyber security
What is the difference between symmetric and asymmetric encryption.,"Symmetric encryption uses a single secret key for both encryption and decryption while asymmetric encryption uses a pair of public and private keys. Symmetric is faster but less secure for key distribution whereas asymmetric is slower but provides better key management and security."
What is a firewall and how does it work.,"A firewall is a network security device that monitors and controls incoming and outgoing network traffic based on predefined rules. It acts as a barrier between trusted internal networks and untrusted external networks blocking unauthorized access and permitting legitimate communication."
Explain the concept of Zero Trust Security.,"Zero Trust Security is a framework that assumes no user or system whether inside or outside the organization should be automatically trusted. Every access request is authenticated authorized and continuously validated using least privilege principles and microsegmentation."
What is the CIA triad in cybersecurity.,"The CIA triad represents the three core principles of information security which are Confidentiality ensuring only authorized users can access data Integrity ensuring data is not altered or tampered with and Availability ensuring systems and data are accessible when needed."
What are IDS and IPS in cybersecurity.,"An Intrusion Detection System IDS monitors network or system activities for malicious behavior and alerts administrators while an Intrusion Prevention System IPS not only detects but also takes proactive actions to block or mitigate the threat in real time."
What is phishing and how can it be prevented.,"Phishing is a cyberattack where attackers trick users into revealing sensitive information like passwords or financial data usually via fraudulent emails or websites. Prevention methods include user awareness training email filtering multi factor authentication and anti phishing tools."
Explain the difference between hashing and encryption.,"Hashing is a one way function that converts data into a fixed length string used for integrity verification whereas encryption is a reversible process that converts data into ciphertext to protect confidentiality and requires keys for decryption."
What is penetration testing.,"Penetration testing also known as ethical hacking is a simulated cyberattack performed by security professionals to identify vulnerabilities in systems networks or applications. It helps organizations strengthen defenses by finding and fixing weaknesses before attackers exploit them."
What are common types of malware.,"Common types of malware include viruses that attach to files and spread worms that replicate themselves without user intervention trojans that disguise as legitimate software ransomware that encrypts files and demands payment and spyware that secretly collects information."
Explain the difference between black hat white hat and grey hat hackers.,"Black hat hackers are malicious attackers who exploit vulnerabilities for personal gain or harm white hat hackers are ethical professionals who test systems to improve security and grey hat hackers fall in between sometimes breaking laws but without malicious intent."
What is two factor authentication and why is it important.,"Two factor authentication 2FA adds an extra layer of security by requiring two forms of identification usually something the user knows like a password and something the user has like a mobile code. It reduces risks of unauthorized access even if passwords are stolen."
What is SQL Injection attack.,"SQL Injection is a code injection technique where attackers insert malicious SQL queries into input fields to manipulate databases. It can be prevented by using prepared statements parameterized queries and input validation."
Explain the difference between vulnerability threat and risk.,"A vulnerability is a weakness in a system that could be exploited a threat is any event or actor that could exploit the vulnerability and a risk is the potential damage or loss that could occur if the threat successfully exploits the vulnerability."
What is social engineering in cybersecurity.,"Social engineering is the manipulation of people into revealing confidential information or performing actions that compromise security. Examples include phishing pretexting baiting and tailgating. Training and awareness are key defenses against social engineering attacks."
What are security patches and why are they important.,"Security patches are software updates released by vendors to fix vulnerabilities and bugs. They are crucial because unpatched systems are prime targets for attackers. Regular patch management ensures systems stay protected against known exploits."
What is a DDoS attack and how can it be mitigated.,"A Distributed Denial of Service DDoS attack occurs when multiple compromised systems flood a target server or network with traffic making it unavailable. Mitigation techniques include traffic filtering load balancing rate limiting and using DDoS protection services."
Explain Public Key Infrastructure PKI.,"Public Key Infrastructure PKI is a framework of policies and technologies that manages digital certificates and public key encryption. It ensures secure communication by verifying identities using certificate authorities CA and enabling encryption and digital signatures."
What is ransomware and how can organizations defend against it.,"Ransomware is malware that encrypts files or systems and demands ransom for decryption. Defense strategies include regular data backups security awareness training endpoint protection multi factor authentication and maintaining updated software."
What is the principle of least privilege.,"The principle of least privilege states that users and systems should only have the minimum level of access required to perform their tasks. This reduces the attack surface and limits damage in case of compromised accounts."
What are honeypots in cybersecurity.,"Honeypots are decoy systems or networks set up to attract attackers and study their methods. They help security teams gather intelligence on threats detect intrusions early and improve defensive strategies without risking real systems."

What is cybersecurity.,"Cybersecurity is the practice of protecting computer systems networks applications and data from unauthorized access cyberattacks and damage. It ensures confidentiality integrity and availability of information while safeguarding businesses and individuals from risks such as malware phishing ransomware and data breaches."

Explain the CIA triad.,"The CIA triad stands for Confidentiality Integrity and Availability. Confidentiality ensures that information is accessible only to authorized users. Integrity guarantees that the data is accurate and has not been tampered with. Availability ensures that systems and data are accessible whenever needed by authorized users. Together these three principles form the foundation of cybersecurity practices."

What is the difference between a vulnerability a threat and a risk.,"A vulnerability is a weakness or flaw in a system that can be exploited. A threat is a potential danger that could exploit a vulnerability such as a hacker or malware. A risk is the likelihood that a threat will exploit a vulnerability and cause damage. For example an unpatched server is a vulnerability a hacker is a threat and the possibility of data theft is the risk."

What is a firewall.,"A firewall is a security device or software that monitors and controls incoming and outgoing network traffic based on predetermined rules. It acts as a barrier between trusted internal networks and untrusted external networks such as the internet. Firewalls help prevent unauthorized access and protect systems from attacks by filtering packets and enforcing security policies."

Explain IDS and IPS.,"IDS stands for Intrusion Detection System which monitors network traffic and alerts administrators when suspicious activities are detected. IPS stands for Intrusion Prevention System which not only detects but also prevents or blocks the malicious activity. IDS is passive whereas IPS is active in stopping attacks."

What is encryption.,"Encryption is the process of converting plain text into unreadable ciphertext using algorithms and keys. It ensures that only authorized parties with the correct key can access the original information. Encryption is widely used to protect sensitive data such as passwords communications and financial transactions."

What is the difference between symmetric and asymmetric encryption.,"Symmetric encryption uses the same key for both encryption and decryption making it faster but requiring secure key distribution. Asymmetric encryption uses two keys a public key for encryption and a private key for decryption which solves the key distribution problem but is slower. Both are often combined for secure communications."

What is multi factor authentication.,"Multi factor authentication MFA is a security method that requires users to provide two or more independent credentials to verify their identity. This may include something you know like a password something you have like a phone or token and something you are like a fingerprint. MFA reduces the chances of unauthorized access."

Explain hashing and how it is used in cybersecurity.,"Hashing is the process of converting data into a fixed length string of characters called a hash using algorithms like SHA 256. It is a one way process meaning it cannot be reversed. Hashing is used to verify data integrity store passwords securely and detect changes in files or messages."

What is social engineering.,"Social engineering is a manipulation technique where attackers trick people into revealing sensitive information or performing actions that compromise security. Common examples include phishing pretexting baiting and tailgating. Since it targets human behavior it is often harder to defend against than purely technical attacks."

What is the difference between black hat white hat and grey hat hackers.,"Black hat hackers are malicious attackers who exploit vulnerabilities for personal gain or to cause damage. White hat hackers are ethical security professionals who test systems to find and fix vulnerabilities. Grey hat hackers fall in between sometimes exploiting vulnerabilities without permission but without malicious intent."

What is a DDoS attack.,"A Distributed Denial of Service DDoS attack occurs when multiple compromised systems usually part of a botnet flood a target system or network with traffic overwhelming its resources and making it unavailable to legitimate users. It is a common attack to disrupt online services."

What is malware.,"Malware short for malicious software is any software intentionally designed to cause harm to a computer system network or user. Types of malware include viruses worms Trojans ransomware spyware and adware. Malware can steal data damage systems or disrupt operations."

What is ransomware.,"Ransomware is a type of malware that encrypts a victim's files and demands payment usually in cryptocurrency for the decryption key. It is a major cybersecurity threat affecting businesses and individuals and prevention relies on regular backups strong security measures and user awareness."

Explain zero day vulnerability.,"A zero day vulnerability is a security flaw in software or hardware that is unknown to the vendor and has no patch available. Hackers exploit these vulnerabilities before they are discovered or fixed making them highly dangerous. Zero day exploits are often used in advanced cyberattacks."

What is penetration testing.,"Penetration testing or ethical hacking is a simulated cyberattack performed by security professionals to identify vulnerabilities in systems applications and networks. The goal is to test how well defenses work and provide recommendations to strengthen security before real attackers exploit the weaknesses."

What is the difference between vulnerability assessment and penetration testing.,"A vulnerability assessment identifies and prioritizes security weaknesses in systems through automated scanning and analysis. Penetration testing goes further by actively exploiting vulnerabilities to determine the real world impact. Both are important but serve different purposes in cybersecurity."

What is phishing.,"Phishing is a social engineering attack where attackers impersonate trusted entities through emails messages or websites to trick users into revealing sensitive information like passwords or credit card numbers. Variants include spear phishing whaling and smishing."

What is patch management and why is it important.,"Patch management is the process of updating software applications and systems with fixes for vulnerabilities bugs and performance issues. It is crucial because unpatched systems are common targets for attackers. Regular patching reduces risk and ensures systems remain secure."

What is two factor authentication.,"Two factor authentication 2FA is a subset of multi factor authentication that requires users to provide two types of evidence to verify their identity typically a password and a code sent to a phone or email. It adds an extra layer of security against unauthorized access."

21. What is the difference between IDS and IPS.,"An Intrusion Detection System IDS only monitors network or host activity and generates alerts when it detects suspicious behavior but it does not block the traffic. An Intrusion Prevention System IPS on the other hand not only detects suspicious activity but also takes automated action such as blocking malicious traffic or dropping packets. IDS is passive while IPS is active in prevention."  
22. What are common types of cyber attacks organizations face today.,"Common cyber attacks include phishing social engineering ransomware denial of service attacks man in the middle attacks SQL injection cross site scripting credential stuffing and insider threats. Each attack exploits a different vulnerability in people systems or networks making layered security essential."  
23. Explain the CIA triad in cybersecurity.,"The CIA triad stands for Confidentiality Integrity and Availability. Confidentiality ensures that sensitive information is accessed only by authorized individuals. Integrity ensures that data remains accurate and unaltered unless changed by authorized users. Availability ensures that systems and data are accessible to users when needed. The CIA triad is the foundation of all cybersecurity practices."  
24. What is a zero day vulnerability.,"A zero day vulnerability is a previously unknown flaw in software or hardware that attackers exploit before the vendor releases a patch. Because the flaw is unknown to the vendor defenders have zero days to prepare or patch it. Zero day attacks are highly dangerous and often used in targeted or advanced persistent threats."  
25. How does multi factor authentication improve security.,"Multi factor authentication MFA adds additional layers of security by requiring users to provide two or more independent forms of verification such as a password something you know a security token something you have or a fingerprint something you are. Even if a password is compromised attackers cannot access the account without the second factor."  
26. What is social engineering and how can it be prevented.,"Social engineering is a method attackers use to manipulate people into giving away confidential information or performing actions that compromise security. Examples include phishing pretexting baiting and tailgating. Prevention involves employee awareness training email filtering enforcing strict security policies and verifying identities before sharing sensitive data."  
27. What is the principle of least privilege and why is it important.,"The principle of least privilege means that users processes and systems are granted the minimum level of access necessary to perform their job functions. It reduces the attack surface prevents unauthorized access and limits the potential damage caused by compromised accounts. Implementing least privilege is a core security best practice."  
28. Explain symmetric vs asymmetric encryption.,"Symmetric encryption uses a single key for both encryption and decryption making it fast but requiring secure key distribution. Asymmetric encryption uses a pair of keys a public key for encryption and a private key for decryption. It is more secure for communications but computationally slower. Often both methods are combined in real world systems such as TLS."  
29. What are firewalls and how do they work.,"A firewall is a security device or software that monitors and controls incoming and outgoing network traffic based on predefined security rules. It establishes a barrier between a trusted internal network and untrusted external networks such as the internet. Firewalls can be packet filtering stateful inspection proxy based or next generation with intrusion detection and application control features."  
30. What is the difference between vulnerability threat and risk.,"A vulnerability is a weakness in a system that could be exploited. A threat is a potential event or actor that could exploit the vulnerability. A risk is the potential impact when a threat exploits a vulnerability. For example an unpatched server is a vulnerability ransomware is a threat and the possible data loss or downtime is the risk."  
31. What is a man in the middle attack.,"A man in the middle MITM attack occurs when an attacker secretly intercepts and possibly alters communication between two parties who believe they are directly communicating with each other. Examples include eavesdropping on unsecured WiFi or DNS spoofing. Using HTTPS VPNs and strong encryption can prevent MITM attacks."  
32. What is penetration testing and why is it important.,"Penetration testing is a simulated cyber attack conducted by security professionals to identify exploitable vulnerabilities in systems applications or networks. It helps organizations discover weaknesses before real attackers do. Pen testing improves security posture verifies defenses and ensures compliance with standards like PCI DSS or ISO 27001."  
33. What is the difference between black hat white hat and gray hat hackers.,"Black hat hackers exploit vulnerabilities for malicious purposes such as stealing data or causing damage. White hat hackers are ethical hackers who use their skills to find and report vulnerabilities legally to improve security. Gray hat hackers fall in between sometimes violating rules but without malicious intent often disclosing flaws without authorization."  
34. What is ransomware and how can organizations defend against it.,"Ransomware is malicious software that encrypts files or locks systems and demands payment usually in cryptocurrency for the decryption key. Defense strategies include regular data backups patch management strong email filtering user awareness training and endpoint protection solutions. Recovery without paying ransom is possible with proper backups and incident response planning."  
35. Explain the difference between blacklisting and whitelisting in cybersecurity.,"Blacklisting blocks known malicious entities such as IP addresses domains or applications. Whitelisting only allows explicitly approved entities and blocks everything else. Whitelisting is more secure but harder to maintain while blacklisting is easier but less comprehensive. Organizations often use a hybrid approach for balance."  
36. What are DDoS attacks and how can they be mitigated.,"A Distributed Denial of Service DDoS attack occurs when multiple compromised systems flood a target server network or application with traffic overwhelming it and making it unavailable. Mitigation includes using content delivery networks load balancing rate limiting intrusion prevention systems and traffic scrubbing services."  
37. What is the role of encryption in protecting data.,"Encryption protects data by converting it into unreadable ciphertext that can only be converted back into plaintext with the correct key. It ensures confidentiality during transmission or storage even if unauthorized parties gain access. Strong encryption algorithms like AES and RSA are critical in securing communications and sensitive data."  
38. What is two factor authentication and how is it different from multi factor authentication.,"Two factor authentication 2FA requires exactly two types of verification factors such as a password and a one time code. Multi factor authentication MFA refers to two or more factors. So 2FA is a subset of MFA. MFA generally provides stronger security as it may include biometric factors and hardware tokens in addition to passwords."  
39. What are honeypots in cybersecurity.,"A honeypot is a decoy system or network resource designed to attract attackers. It simulates vulnerabilities to lure hackers and observe their behavior. Honeypots help security teams gather intelligence on attack techniques detect intrusions early and divert attackers away from real assets. However they must be isolated to avoid being used as pivot points."  
40. What is an advanced persistent threat APT.,"An APT is a prolonged and targeted cyber attack in which an attacker gains unauthorized access to a network and remains undetected for a long time. APTs are often state sponsored or highly organized and their goals include espionage or stealing sensitive data. Defending against APTs requires layered security monitoring anomaly detection and rapid incident response."  
41. Explain what an Intrusion Detection System (IDS) is and how it differs from an Intrusion Prevention System (IPS).,"An Intrusion Detection System (IDS) monitors network traffic or system activities for malicious behavior or policy violations and generates alerts when suspicious activity is detected while an Intrusion Prevention System (IPS) not only detects but also actively blocks or prevents the malicious activity in real time The IDS is passive as it only alerts whereas IPS is active and can drop packets reset connections or quarantine systems making IPS more proactive."  
42. What is a firewall and how does it work.,"A firewall is a network security device that monitors and filters incoming and outgoing traffic based on predetermined security rules It acts as a barrier between trusted internal networks and untrusted external networks like the internet Firewalls can be hardware software or cloud based and they work by permitting or blocking data packets based on rules such as IP address port protocol and application level filtering."  
43. What is the difference between symmetric and asymmetric encryption.,"Symmetric encryption uses the same key for both encryption and decryption making it fast but requiring secure key distribution Asymmetric encryption uses a pair of keys a public key for encryption and a private key for decryption which solves the key distribution problem but is computationally slower Often systems use symmetric encryption for data transfer and asymmetric for key exchange."  
44. What is a DDoS attack and how can organizations defend against it.,"A Distributed Denial of Service DDoS attack occurs when multiple compromised systems flood the bandwidth or resources of a targeted system causing service disruption Defenses include implementing firewalls and intrusion prevention systems rate limiting using DDoS protection services like Cloudflare or AWS Shield deploying load balancers and having an incident response plan to mitigate the impact."  
45. Explain the CIA triad in cybersecurity.,"The CIA triad stands for Confidentiality Integrity and Availability Confidentiality ensures that data is accessible only to authorized users Integrity guarantees that information is accurate and not tampered with Availability ensures that systems and data are accessible when needed Together these three principles form the foundationW h a t   i s   y o u r   b i g g e s t   p r o f e s s i o n a l   f a i l u r e   a n d   w h a t   d i d   y o u   l e a r n   f r o m   i t ? , " I n   m y   p r e v i o u s   r o l e   I   u n d e r e s t i m a t e d   t h e   c o m p l e x i t y   o f   a   p r o j e c t   t i m e l i n e   w h i c h   r e s u l t e d   i n   m i s s i n g   a   k e y   d e a d l i n e .   I   l e a r n e d   t h e   i m p o r t a n c e   o f   t h o r o u g h   p r o j e c t   p l a n n i n g   i n c l u d i n g   b u f f e r   t i m e   f o r   u n e x p e c t e d   i s s u e s   a n d   n o w   I   a l w a y s   c r e a t e   d e t a i l e d   p r o j e c t   t i m e l i n e s   w i t h   c o n t i n g e n c y   p l a n s . "  
 